millis,stamp,datetime,motion
999,1532609136, 2018/7/26 12:45:36, Active
1999,1532609137, 2018/7/26 12:45:37, Active
2999,1532609138, 2018/7/26 12:45:38, Active
3999,1532609139, 2018/7/26 12:45:39, Active
4999,1532609140, 2018/7/26 12:45:40, Active
5999,1532609141, 2018/7/26 12:45:41, Active
6999,1532609142, 2018/7/26 12:45:42, Active
7999,1532609143, 2018/7/26 12:45:43, Active
8999,1532609144, 2018/7/26 12:45:44, Active
9999,1532609145, 2018/7/26 12:45:45, Active
10999,1532609146, 2018/7/26 12:45:46, Active
11999,1532609147, 2018/7/26 12:45:47, Inactive
12999,1532609148, 2018/7/26 12:45:48, Active
13999,1532609149, 2018/7/26 12:45:49, Active
14999,1532609150, 2018/7/26 12:45:50, Active
16000,1532609151, 2018/7/26 12:45:51, Active
16999,1532609152, 2018/7/26 12:45:52, Active
17999,1532609153, 2018/7/26 12:45:53, Active
18999,1532609154, 2018/7/26 12:45:54, Active
19999,1532609155, 2018/7/26 12:45:55, Active
21000,1532609156, 2018/7/26 12:45:56, Active
21999,1532609157, 2018/7/26 12:45:57, Active
22999,1532609158, 2018/7/26 12:45:58, Active
23999,1532609159, 2018/7/26 12:45:59, Active
24999,1532609160, 2018/7/26 12:46:0, Active
25999,1532609161, 2018/7/26 12:46:1, Active
26999,1532609162, 2018/7/26 12:46:2, Inactive
27999,1532609163, 2018/7/26 12:46:3, Active
28999,1532609164, 2018/7/26 12:46:4, Active
29999,1532609165, 2018/7/26 12:46:5, Active
30999,1532609166, 2018/7/26 12:46:6, Active
32000,1532609167, 2018/7/26 12:46:7, Active
32999,1532609168, 2018/7/26 12:46:8, Active
33998,1532609169, 2018/7/26 12:46:9, Active
34999,1532609170, 2018/7/26 12:46:10, Active
35999,1532609171, 2018/7/26 12:46:11, Active
37000,1532609172, 2018/7/26 12:46:12, Active
38000,1532609173, 2018/7/26 12:46:13, Active
39000,1532609174, 2018/7/26 12:46:14, Active
39999,1532609175, 2018/7/26 12:46:15, Active
40999,1532609176, 2018/7/26 12:46:16, Active
41999,1532609177, 2018/7/26 12:46:17, Active
42999,1532609178, 2018/7/26 12:46:18, Active
44000,1532609179, 2018/7/26 12:46:19, Active
44999,1532609180, 2018/7/26 12:46:20, Active
46000,1532609181, 2018/7/26 12:46:21, Active
46999,1532609182, 2018/7/26 12:46:22, Active
48000,1532609183, 2018/7/26 12:46:23, Active
49000,1532609184, 2018/7/26 12:46:24, Active
49999,1532609185, 2018/7/26 12:46:25, Active
51000,1532609186, 2018/7/26 12:46:26, Active
51998,1532609187, 2018/7/26 12:46:27, Active
52999,1532609188, 2018/7/26 12:46:28, Active
53999,1532609189, 2018/7/26 12:46:29, Active
54999,1532609190, 2018/7/26 12:46:30, Active
55999,1532609191, 2018/7/26 12:46:31, Active
56999,1532609192, 2018/7/26 12:46:32, Active
57999,1532609193, 2018/7/26 12:46:33, Active
58998,1532609194, 2018/7/26 12:46:34, Active
59999,1532609195, 2018/7/26 12:46:35, Active
61000,1532609196, 2018/7/26 12:46:36, Active
61999,1532609197, 2018/7/26 12:46:37, Active
62999,1532609198, 2018/7/26 12:46:38, Active
64000,1532609199, 2018/7/26 12:46:39, Active
64999,1532609200, 2018/7/26 12:46:40, Active
65998,1532609201, 2018/7/26 12:46:41, Active
67000,1532609202, 2018/7/26 12:46:42, Active
67998,1532609203, 2018/7/26 12:46:43, Active
68999,1532609204, 2018/7/26 12:46:44, Active
69999,1532609205, 2018/7/26 12:46:45, Active
70999,1532609206, 2018/7/26 12:46:46, Active
72000,1532609207, 2018/7/26 12:46:47, Active
72998,1532609208, 2018/7/26 12:46:48, Inactive
73999,1532609209, 2018/7/26 12:46:49, Active
74999,1532609210, 2018/7/26 12:46:50, Active
75999,1532609211, 2018/7/26 12:46:51, Active
76999,1532609212, 2018/7/26 12:46:52, Active
78000,1532609213, 2018/7/26 12:46:53, Active
78999,1532609214, 2018/7/26 12:46:54, Active
79998,1532609215, 2018/7/26 12:46:55, Active
81000,1532609216, 2018/7/26 12:46:56, Active
81998,1532609217, 2018/7/26 12:46:57, Active
82999,1532609218, 2018/7/26 12:46:58, Active
83999,1532609219, 2018/7/26 12:46:59, Active
85000,1532609220, 2018/7/26 12:47:0, Active
85999,1532609221, 2018/7/26 12:47:1, Active
87000,1532609222, 2018/7/26 12:47:2, Active
88000,1532609223, 2018/7/26 12:47:3, Inactive
88999,1532609224, 2018/7/26 12:47:4, Active
90000,1532609225, 2018/7/26 12:47:5, Active
90998,1532609226, 2018/7/26 12:47:6, Active
92000,1532609227, 2018/7/26 12:47:7, Active
92999,1532609228, 2018/7/26 12:47:8, Active
94000,1532609229, 2018/7/26 12:47:9, Active
94999,1532609230, 2018/7/26 12:47:10, Active
95998,1532609231, 2018/7/26 12:47:11, Active
96999,1532609232, 2018/7/26 12:47:12, Active
97998,1532609233, 2018/7/26 12:47:13, Active
99000,1532609234, 2018/7/26 12:47:14, Active
99999,1532609235, 2018/7/26 12:47:15, Active
101000,1532609236, 2018/7/26 12:47:16, Active
101999,1532609237, 2018/7/26 12:47:17, Active
102999,1532609238, 2018/7/26 12:47:18, Active
104000,1532609239, 2018/7/26 12:47:19, Active
104999,1532609240, 2018/7/26 12:47:20, Active
105999,1532609241, 2018/7/26 12:47:21, Active
106998,1532609242, 2018/7/26 12:47:22, Active
107999,1532609243, 2018/7/26 12:47:23, Active
108999,1532609244, 2018/7/26 12:47:24, Active
109999,1532609245, 2018/7/26 12:47:25, Active
110999,1532609246, 2018/7/26 12:47:26, Active
112000,1532609247, 2018/7/26 12:47:27, Active
112999,1532609248, 2018/7/26 12:47:28, Active
113999,1532609249, 2018/7/26 12:47:29, Active
114999,1532609250, 2018/7/26 12:47:30, Active
115999,1532609251, 2018/7/26 12:47:31, Active
116999,1532609252, 2018/7/26 12:47:32, Active
117999,1532609253, 2018/7/26 12:47:33, Active
118999,1532609254, 2018/7/26 12:47:34, Active
119999,1532609255, 2018/7/26 12:47:35, Active
120999,1532609256, 2018/7/26 12:47:36, Active
121999,1532609257, 2018/7/26 12:47:37, Active
122998,1532609258, 2018/7/26 12:47:38, Active
123999,1532609259, 2018/7/26 12:47:39, Active
124999,1532609260, 2018/7/26 12:47:40, Active
125999,1532609261, 2018/7/26 12:47:41, Active
126999,1532609262, 2018/7/26 12:47:42, Active
128000,1532609263, 2018/7/26 12:47:43, Active
128999,1532609264, 2018/7/26 12:47:44, Active
129999,1532609265, 2018/7/26 12:47:45, Active
130999,1532609266, 2018/7/26 12:47:46, Active
131999,1532609267, 2018/7/26 12:47:47, Active
132999,1532609268, 2018/7/26 12:47:48, Active
133999,1532609269, 2018/7/26 12:47:49, Active
134999,1532609270, 2018/7/26 12:47:50, Active
135999,1532609271, 2018/7/26 12:47:51, Active
136999,1532609272, 2018/7/26 12:47:52, Active
137999,1532609273, 2018/7/26 12:47:53, Active
138999,1532609274, 2018/7/26 12:47:54, Active
139999,1532609275, 2018/7/26 12:47:55, Active
140999,1532609276, 2018/7/26 12:47:56, Active
141999,1532609277, 2018/7/26 12:47:57, Active
142999,1532609278, 2018/7/26 12:47:58, Active
144000,1532609279, 2018/7/26 12:47:59, Active
144999,1532609280, 2018/7/26 12:48:0, Active
145999,1532609281, 2018/7/26 12:48:1, Active
146999,1532609282, 2018/7/26 12:48:2, Active
147999,1532609283, 2018/7/26 12:48:3, Active
148999,1532609284, 2018/7/26 12:48:4, Active
149999,1532609285, 2018/7/26 12:48:5, Active
150999,1532609286, 2018/7/26 12:48:6, Active
151999,1532609287, 2018/7/26 12:48:7, Active
152999,1532609288, 2018/7/26 12:48:8, Active
153999,1532609289, 2018/7/26 12:48:9, Active
154999,1532609290, 2018/7/26 12:48:10, Active
155999,1532609291, 2018/7/26 12:48:11, Active
156999,1532609292, 2018/7/26 12:48:12, Active
158000,1532609293, 2018/7/26 12:48:13, Active
158999,1532609294, 2018/7/26 12:48:14, Active
160000,1532609295, 2018/7/26 12:48:15, Active
160999,1532609296, 2018/7/26 12:48:16, Active
161999,1532609297, 2018/7/26 12:48:17, Active
162999,1532609298, 2018/7/26 12:48:18, Active
163999,1532609299, 2018/7/26 12:48:19, Active
165000,1532609300, 2018/7/26 12:48:20, Active
165999,1532609301, 2018/7/26 12:48:21, Active
166999,1532609302, 2018/7/26 12:48:22, Active
167999,1532609303, 2018/7/26 12:48:23, Active
168999,1532609304, 2018/7/26 12:48:24, Active
169999,1532609305, 2018/7/26 12:48:25, Active
170999,1532609306, 2018/7/26 12:48:26, Inactive
171999,1532609307, 2018/7/26 12:48:27, Active
172999,1532609308, 2018/7/26 12:48:28, Active
173999,1532609309, 2018/7/26 12:48:29, Active
174998,1532609310, 2018/7/26 12:48:30, Active
176000,1532609311, 2018/7/26 12:48:31, Active
176999,1532609312, 2018/7/26 12:48:32, Active
177999,1532609313, 2018/7/26 12:48:33, Active
178999,1532609314, 2018/7/26 12:48:34, Active
179999,1532609315, 2018/7/26 12:48:35, Active
180999,1532609316, 2018/7/26 12:48:36, Active
181999,1532609317, 2018/7/26 12:48:37, Active
183000,1532609318, 2018/7/26 12:48:38, Active
183999,1532609319, 2018/7/26 12:48:39, Active
184998,1532609320, 2018/7/26 12:48:40, Active
185999,1532609321, 2018/7/26 12:48:41, Inactive
186998,1532609322, 2018/7/26 12:48:42, Active
187999,1532609323, 2018/7/26 12:48:43, Active
188999,1532609324, 2018/7/26 12:48:44, Active
189999,1532609325, 2018/7/26 12:48:45, Active
190999,1532609326, 2018/7/26 12:48:46, Active
192000,1532609327, 2018/7/26 12:48:47, Active
192999,1532609328, 2018/7/26 12:48:48, Active
193999,1532609329, 2018/7/26 12:48:49, Active
194999,1532609330, 2018/7/26 12:48:50, Active
195999,1532609331, 2018/7/26 12:48:51, Active
197000,1532609332, 2018/7/26 12:48:52, Active
197999,1532609333, 2018/7/26 12:48:53, Active
199000,1532609334, 2018/7/26 12:48:54, Active
199999,1532609335, 2018/7/26 12:48:55, Active
200999,1532609336, 2018/7/26 12:48:56, Inactive
201999,1532609337, 2018/7/26 12:48:57, Active
202999,1532609338, 2018/7/26 12:48:58, Active
203999,1532609339, 2018/7/26 12:48:59, Active
204999,1532609340, 2018/7/26 12:49:0, Active
205999,1532609341, 2018/7/26 12:49:1, Active
206999,1532609342, 2018/7/26 12:49:2, Active
208000,1532609343, 2018/7/26 12:49:3, Active
208999,1532609344, 2018/7/26 12:49:4, Active
209999,1532609345, 2018/7/26 12:49:5, Active
210999,1532609346, 2018/7/26 12:49:6, Active
211999,1532609347, 2018/7/26 12:49:7, Active
212999,1532609348, 2018/7/26 12:49:8, Active
213999,1532609349, 2018/7/26 12:49:9, Active
215000,1532609350, 2018/7/26 12:49:10, Active
215999,1532609351, 2018/7/26 12:49:11, Inactive
216999,1532609352, 2018/7/26 12:49:12, Active
217999,1532609353, 2018/7/26 12:49:13, Active
218999,1532609354, 2018/7/26 12:49:14, Active
219999,1532609355, 2018/7/26 12:49:15, Active
220998,1532609356, 2018/7/26 12:49:16, Active
222000,1532609357, 2018/7/26 12:49:17, Active
222999,1532609358, 2018/7/26 12:49:18, Active
224000,1532609359, 2018/7/26 12:49:19, Active
224998,1532609360, 2018/7/26 12:49:20, Active
225999,1532609361, 2018/7/26 12:49:21, Active
226999,1532609362, 2018/7/26 12:49:22, Active
227999,1532609363, 2018/7/26 12:49:23, Active
228999,1532609364, 2018/7/26 12:49:24, Active
229999,1532609365, 2018/7/26 12:49:25, Active
230999,1532609366, 2018/7/26 12:49:26, Inactive
231999,1532609367, 2018/7/26 12:49:27, Active
232999,1532609368, 2018/7/26 12:49:28, Active
233999,1532609369, 2018/7/26 12:49:29, Active
234999,1532609370, 2018/7/26 12:49:30, Active
235999,1532609371, 2018/7/26 12:49:31, Active
236999,1532609372, 2018/7/26 12:49:32, Active
237999,1532609373, 2018/7/26 12:49:33, Active
238999,1532609374, 2018/7/26 12:49:34, Inactive
240000,1532609375, 2018/7/26 12:49:35, Active
240999,1532609376, 2018/7/26 12:49:36, Active
241999,1532609377, 2018/7/26 12:49:37, Active
242999,1532609378, 2018/7/26 12:49:38, Active
243999,1532609379, 2018/7/26 12:49:39, Active
244999,1532609380, 2018/7/26 12:49:40, Active
245999,1532609381, 2018/7/26 12:49:41, Active
247000,1532609382, 2018/7/26 12:49:42, Active
247999,1532609383, 2018/7/26 12:49:43, Active
248999,1532609384, 2018/7/26 12:49:44, Active
249999,1532609385, 2018/7/26 12:49:45, Active
250999,1532609386, 2018/7/26 12:49:46, Active
251999,1532609387, 2018/7/26 12:49:47, Active
252999,1532609388, 2018/7/26 12:49:48, Active
254000,1532609389, 2018/7/26 12:49:49, Inactive
254999,1532609390, 2018/7/26 12:49:50, Active
256000,1532609391, 2018/7/26 12:49:51, Active
256999,1532609392, 2018/7/26 12:49:52, Active
257999,1532609393, 2018/7/26 12:49:53, Active
258999,1532609394, 2018/7/26 12:49:54, Active
259999,1532609395, 2018/7/26 12:49:55, Active
260999,1532609396, 2018/7/26 12:49:56, Active
261999,1532609397, 2018/7/26 12:49:57, Active
262999,1532609398, 2018/7/26 12:49:58, Active
263999,1532609399, 2018/7/26 12:49:59, Active
264999,1532609400, 2018/7/26 12:50:0, Active
265999,1532609401, 2018/7/26 12:50:1, Active
266999,1532609402, 2018/7/26 12:50:2, Active
267999,1532609403, 2018/7/26 12:50:3, Active
268999,1532609404, 2018/7/26 12:50:4, Inactive
269999,1532609405, 2018/7/26 12:50:5, Active
270998,1532609406, 2018/7/26 12:50:6, Active
272000,1532609407, 2018/7/26 12:50:7, Active
272999,1532609408, 2018/7/26 12:50:8, Active
273999,1532609409, 2018/7/26 12:50:9, Active
274999,1532609410, 2018/7/26 12:50:10, Active
275999,1532609411, 2018/7/26 12:50:11, Active
276999,1532609412, 2018/7/26 12:50:12, Active
277999,1532609413, 2018/7/26 12:50:13, Active
279000,1532609414, 2018/7/26 12:50:14, Active
279999,1532609415, 2018/7/26 12:50:15, Active
280999,1532609416, 2018/7/26 12:50:16, Active
281999,1532609417, 2018/7/26 12:50:17, Active
